{
  "disable_count": 0,
  "disable_egg_removal_from_spawner": 0,
  "disable_range": 0,
  "disable_silk_touch": 0,
  "disable_spawner_config": 0,
  "disable_speed": 0,
  "limited_spawns_amount": 32,
  "limited_spawns_enabled": 0,
  "monster_egg_drop_chance": 4,
  "monster_egg_only_drop_when_killed_by_player": 0,
  "tardis:spawn_egg/d": 0,
  "tardis:spawn_egg/dal": 0,
  "tardis:spawn_egg/dalek_speci": 0,
  "disable_specific_egg_drops": {
    "alexsmobs:spa": 0,
    "alexsmobs:spaw": 0,
    "alexsmobs:spawn": 0,
    "alexsmobs:spawn_": 0,
    "alexsmobs:spawn_e": 0,
    "alexsmobs:spawn_eg": 0,
    "alexsmobs:spawn_egg": 0,
    "alexsmobs:spawn_egg_": 0,
    "alexsmobs:spawn_egg_alligator_snapp": 0,
    "alexsmobs:spawn_egg_bo": 0,
    "alexsmobs:spawn_egg_cach": 0,
    "alexsmobs:spawn_egg_capuc": 0,
    "alexsmobs:spawn_egg_crimso": 0,
    "alexsmobs:spawn_egg_en": 0,
    "alexsmobs:spawn_egg_fri": 0,
    "alexsmobs:spawn_egg_gr": 0,
    "alexsmobs:spawn_egg_h": 0,
    "alexsmobs:spawn_egg_hammer": 0,
    "alexsmobs:spawn_egg_kom": 0,
    "alexsmobs:spawn_egg_leaf": 0,
    "alexsmobs:spawn_egg_man": 0,
    "alexsmobs:spawn_egg_mim": 0,
    "alexsmobs:spawn_egg_r": 0,
    "alexsmobs:spawn_egg_sn": 0,
    "alexsmobs:spawn_egg_so": 0,
    "alexsmobs:spawn_egg_tara": 0,
    "alexsmobs:spawn_egg_tasma": 0,
    "alexsmobs:spawn_egg_w": 0,
    "alexsmobs:spawn_egg_wa": 0,
    "atum:assassin": 0,
    "atum:bandit_warlord": 0,
    "atum:barbarian": 0,
    "atum:bonestorm": 0,
    "atum:brigand": 0,
    "atum:camel": 0,
    "atum:desert_rabbit": 0,
    "atum:desert_wolf": 0,
    "atum:forsaken": 0,
    "atum:mummy": 0,
    "atum:nomad": 0,
    "atum:pharaoh": 0,
    "atum:quail": 0,
    "atum:scarab": 0,
    "atum:sergeant": 0,
    "atum:serval": 0,
    "atum:stoneguard": 0,
    "atum:stonewarden": 0,
    "atum:tarantula": 0,
    "atum:villager": 0,
    "atum:wraith": 0,
    "blue_skies:alchemist": 0,
    "blue_skies:arachnarch": 0,
    "blue_skies:armored_frost_spirit": 0,
    "blue_skies:artificial_golem": 0,
    "blue_skies:azulfo": 0,
    "blue_skies:charscale_moki": 0,
    "blue_skies:cosmic_fox": 0,
    "blue_skies:crogre": 0,
    "blue_skies:crynocerous": 0,
    "blue_skies:crystal_camel": 0,
    "blue_skies:diophyde_prowler": 0,
    "blue_skies:emberback": 0,
    "blue_skies:firefly": 0,
    "blue_skies:frost_spirit": 0,
    "blue_skies:gatekeeper": 0,
    "blue_skies:grittle_flatfish": 0,
    "blue_skies:horizofin_tunid": 0,
    "blue_skies:infested_swarmer": 0,
    "blue_skies:jelly_drifter": 0,
    "blue_skies:municipal_monkfish": 0,
    "blue_skies:nested_spider": 0,
    "blue_skies:nyctofly": 0,
    "blue_skies:polargeist": 0,
    "blue_skies:reindeer": 0,
    "blue_skies:seclam": 0,
    "blue_skies:shade_monitor": 0,
    "blue_skies:shrumpty": 0,
    "blue_skies:sliv": 0,
    "blue_skies:snow_owl": 0,
    "blue_skies:spewter": 0,
    "blue_skies:stardust_ram": 0,
    "blue_skies:starlit_crusher": 0,
    "blue_skies:stonelet": 0,
    "blue_skies:summoner": 0,
    "blue_skies:venom_spider": 0,
    "blue_skies:whistleshell_crab": 0,
    "cnb:cindershell": 0,
    "cnb:lilytad": 0,
    "cnb:little_grebe": 0,
    "cnb:lizard": 0,
    "cnb:yeti": 0,
    "cutecore:agrias_butterfly": 0,
    "cutecore:apollo_butterfly": 0,
    "cutecore:birdwing_butterfly": 0,
    "cutecore:ender_eye_butterfly": 0,
    "cutecore:fairy": 0,
    "cutecore:monarch_butterfly": 0,
    "cutecore:mooberry": 0,
    "cutecore:morpho_butterfly": 0,
    "cutecore:peacock_butterfly": 0,
    "cutecore:pixie": 0,
    "cutecore:purple_emperor_butterfly": 0,
    "cutecore:snail": 0,
    "cutecore:tiger_butterfly": 0,
    "futurepack:spawn": 0,
    "futurepack:spawn_": 0,
    "futurepack:spawn_e": 0,
    "futurepack:spawn_egg_": 0,
    "futurepack:spawn_egg_cy": 0,
    "futurepack:spawn_egg_dung": 0,
    "guardvillagers:guard": 0,
    "guardvillagers:illusioner": 0,
    "guardvillagers:iron_golem": 0,
    "guardvillagers:snow_golem": 0,
    "mekanismadditions:baby_creeper": 0,
    "mekanismadditions:baby_enderman": 0,
    "mekanismadditions:baby_skeleton": 0,
    "mekanismadditions:baby_stray": 0,
    "mekanismadditions:baby_wither_skeleton": 0,
    "minecraft:bat": 0,
    "minecraft:bee": 0,
    "minecraft:blaze": 0,
    "minecraft:cat": 0,
    "minecraft:cave_spider": 0,
    "minecraft:chicken": 0,
    "minecraft:cod": 0,
    "minecraft:cow": 0,
    "minecraft:creeper": 0,
    "minecraft:dolphin": 0,
    "minecraft:donkey": 0,
    "minecraft:drowned": 0,
    "minecraft:elder_guardian": 0,
    "minecraft:enderman": 0,
    "minecraft:endermite": 0,
    "minecraft:evoker": 0,
    "minecraft:fox": 0,
    "minecraft:ghast": 0,
    "minecraft:guardian": 0,
    "minecraft:hoglin": 0,
    "minecraft:horse": 0,
    "minecraft:husk": 0,
    "minecraft:llama": 0,
    "minecraft:magma_cube": 0,
    "minecraft:mooshroom": 0,
    "minecraft:mule": 0,
    "minecraft:ocelot": 0,
    "minecraft:panda": 0,
    "minecraft:parrot": 0,
    "minecraft:phantom": 0,
    "minecraft:pig": 0,
    "minecraft:piglin": 0,
    "minecraft:piglin_brute": 0,
    "minecraft:pillager": 0,
    "minecraft:polar_bear": 0,
    "minecraft:pufferfish": 0,
    "minecraft:rabbit": 0,
    "minecraft:ravager": 0,
    "minecraft:salmon": 0,
    "minecraft:sheep": 0,
    "minecraft:shulker": 0,
    "minecraft:silverfish": 0,
    "minecraft:skeleton": 0,
    "minecraft:skeleton_horse": 0,
    "minecraft:slime": 0,
    "minecraft:spider": 0,
    "minecraft:squid": 0,
    "minecraft:stray": 0,
    "minecraft:strider": 0,
    "minecraft:trader_llama": 0,
    "minecraft:tropical_fish": 0,
    "minecraft:turtle": 0,
    "minecraft:vex": 0,
    "minecraft:villager": 0,
    "minecraft:vindicator": 0,
    "minecraft:wandering_trader": 0,
    "minecraft:witch": 0,
    "minecraft:wither_skeleton": 0,
    "minecraft:wolf": 0,
    "minecraft:zoglin": 0,
    "minecraft:zombie": 0,
    "minecraft:zombie_horse": 0,
    "minecraft:zombie_villager": 0,
    "minecraft:zombified_piglin": 0,
    "petrock:petrock": 0,
    "productivebees:spawn_e": 0,
    "productivebees:spawn_eg": 0,
    "productivebees:spawn_egg": 0,
    "productivebees:spawn_egg_": 0,
    "productivebees:spawn_egg_ashy_": 0,
    "productivebees:spawn_egg_blue_": 0,
    "productivebees:spawn_egg_c": 0,
    "productivebees:spawn_egg_chocolate_": 0,
    "productivebees:spawn_egg_col": 0,
    "productivebees:spawn_egg_config": 0,
    "productivebees:spawn_egg_green_car": 0,
    "productivebees:spawn_egg_h": 0,
    "productivebees:spawn_egg_leaf": 0,
    "productivebees:spawn_egg_neon_": 0,
    "productivebees:spawn_egg_r": 0,
    "productivebees:spawn_egg_yellow_black_car": 0,
    "rats:spa": 0,
    "rats:spawn": 0,
    "rats:spawn_eg": 0,
    "rats:spawn_egg": 0,
    "rats:spawn_egg_b": 0,
    "rats:spawn_egg_pl": 0,
    "rats:spawn_egg_pla": 0,
    "spawnermod:iron_golem": 0,
    "supplementaries:firefly": 0,
    "supplementaries:red_merchant": 0,
    "tconstruct:ender_slime": 0,
    "tconstruct:sky_slime": 0,
    "tconstruct:terracube": 0,
    "the_bumblezone:beehemoth": 0,
    "the_bumblezone:honey_slime": 0,
    "thermal:basalz": 0,
    "thermal:blitz": 0,
    "thermal:blizz": 0,
    "tropicraft:ashen": 0,
    "tropicraft:brown_basilisk_lizard": 0,
    "tropicraft:cowktail": 0,
    "tropicraft:cubera": 0,
    "tropicraft:dolphin": 0,
    "tropicraft:eagle_ray": 0,
    "tropicraft:eih": 0,
    "tropicraft:failgull": 0,
    "tropicraft:fiddler_crab": 0,
    "tropicraft:green_basilisk_lizard": 0,
    "tropicraft:hammerhead": 0,
    "tropicraft:hummingbird": 0,
    "tropicraft:iguana": 0,
    "tropicraft:jaguar": 0,
    "tropicraft:koa": 0,
    "tropicraft:man_o_war": 0,
    "tropicraft:marlin": 0,
    "tropicraft:piranha": 0,
    "tropicraft:sardine": 0,
    "tropicraft:sea_turtle": 0,
    "tropicraft:sea_urchin": 0,
    "tropicraft:seahorse": 0,
    "tropicraft:spider_monkey": 0,
    "tropicraft:tapir": 0,
    "tropicraft:tree_frog": 0,
    "tropicraft:tropi_spider": 0,
    "tropicraft:tropibee": 0,
    "tropicraft:tropical_fish": 0,
    "tropicraft:tropicreeper": 0,
    "tropicraft:tropiskelly": 0,
    "tropicraft:v_monkey": 0,
    "tropicraft:white_lipped_peccary": 0
  }
}