{
  "selections": {
    "mode": "SIMPLE"
  },
  "placements": {
    "placements": [
      {
        "schematic": "D:\\Curseforge Modpacks\\Instances\\Remnants Megamix r2.0 - Dev (1) (1)\\schematics\\Adventure Time - Tree House - No Grass.litematic",
        "name": "Unnamed",
        "origin": [
          978,
          80,
          193
        ],
        "rotation": "COUNTERCLOCKWISE_90",
        "mirror": "NONE",
        "ignore_entities": false,
        "enabled": true,
        "enable_render": true,
        "render_enclosing_box": false,
        "locked": false,
        "locked_coords": 0,
        "bb_color": 16757504,
        "verifier_type": "all",
        "placements": [
          {
            "name": "Unnamed",
            "placement": {
              "pos": [
                65,
                75,
                45
              ],
              "name": "Unnamed",
              "rotation": "NONE",
              "mirror": "NONE",
              "locked_coords": 0,
              "enabled": true,
              "rendering_enabled": true,
              "ignore_entities": false
            }
          }
        ]
      }
    ],
    "selected": 0,
    "origin_selected": true
  },
  "schematic_projects_manager": {},
  "operation_mode": "AREA_SELECTION",
  "render_range": {
    "mode": "SINGLE_LAYER",
    "axis": "y",
    "layer_single": 87,
    "layer_above": 87,
    "layer_below": 0,
    "layer_range_min": 0,
    "layer_range_max": 0,
    "hotkey_range_min": false,
    "hotkey_range_max": false
  },
  "area_simple": {
    "name": "Unnamed",
    "current": "Unnamed",
    "boxes": [
      {
        "pos1": [
          -17,
          -61,
          -10
        ],
        "pos2": [
          -17,
          -61,
          -10
        ],
        "name": "Unnamed"
      }
    ]
  },
  "tool_mode_data": {
    "delete": {
      "use_placement": false
    }
  }
}