{
  "__comment": "Instructions: https://blakesmods.com/docs/cucumber/tags-config",
  "forge:ingots/titanium": "null",
  "forge:ingots/mithril": "null",
  "forge:ingots/chrome": "null",
  "forge:ingots/aluminum": "alltheores:aluminum_ingot",
  "forge:dusts/saltpeter": "null",
  "forge:rubber": "null",
  "forge:ingots/tungsten": "null",
  "forge:dusts/niter": "thermal:niter_dust",
  "forge:ingots/brass": "alltheores:brass_ingot",
  "forge:ingots/zinc": "alltheores:zinc_ingot",
  "forge:ingots/platinum": "alltheores:platinum_ingot",
  "forge:ingots/graphite": "null",
  "forge:silicon": "refinedstorage:silicon",
  "forge:ingots/iridium": "alltheores:iridium_ingot"
}