{
    "images": {

        "logo": {
            "image": "custommainmenu:logo.png",
            "posX": -350,
            "posY": 30,
            "width": 655,
            "height": 176,
            "alignment": "top_center"
        }

    },

    "buttons": {
        "singleplayer": {
            "text": "menu.singleplayer",
            "normalTextColor": 12303291,
            "hoverTextColor": 3125670,
            "texture": "custommainmenu:btn.png",
            "posX": 97,
            "posY": -40,
            "width": 196,
            "height": 30,
            "imageWidth": 100,
            "imageHeight": 50,
            "alignment": "left_center",
            "hoverText": "Haha, you're' alone",
            "action": {
                "type": "openGui",
                "gui": "singleplayer"
            }
        },

        "multiplayer": {
            "text": "Server",
            "normalTextColor": 12303291,
            "hoverTextColor": 3125670,
            "texture": "custommainmenu:btn.png",
            "posX": 97,
            "posY": -10,
            "width": 196,
            "height": 30,
            "imageWidth": 100,
            "imageHeight": 50,
            "alignment": "left_center",
            "hoverText": "The official Ooarai's server",
            "action": {
                "type": "connectToServer",
                "ip": "144.76.15.229:25565"
            }
        },

        "options": {
            "text": "menu.options",
            "normalTextColor": 12303291,
            "hoverTextColor": 3125670,
            "texture": "custommainmenu:btn.png",
            "posX": 97,
            "posY": 30,
            "width": 196,
            "height": 20,
            "imageWidth": 100,
            "imageHeight": 50,
            "alignment": "left_center",
            "action": {
                "type": "openGui",
                "gui": "options"
            }
        },

        "language": {
            "text": "options.language",
            "texture": "custommainmenu:btn.png",
            "posX": 97,
            "posY": 50,
            "width": 196,
            "height": 20,
            "imageWidth": 100,
            "imageHeight": 50,
            "alignment": "left_center",
            "action": {
                "type": "openGui",
                "gui": "languages"
            }
        },

        "quit": {
            "text": "menu.quit",
            "normalTextColor": 16729156,
            "hoverTextColor": 14483456,
            "texture": "custommainmenu:btn.png",
            "posX": 97,
            "posY": 70,
            "width": 196,
            "height": 20,
            "imageWidth": 100,
            "imageHeight": 50,
            "alignment": "left_center",
            "hoverText": "No! Don't leave!",
            "action": {
                "type": "quit"
            }
        },

        "mods": {
            "text": "Mods (#modsloaded#/#modsactive#)",
            "normalTextColor": 6710886,
            "hoverTextColor": 3125670,
            "texture": "custommainmenu:btn.png",
            "posX": 97,
            "posY": 100,
            "width": 96,
            "height": 20,
            "imageWidth": 100,
            "imageHeight": 50,
            "alignment": "left_center",
            "action": {
                "type": "openGui",
                "gui": "mods"
            }
        },
        "versionChecker": {
            "text": "Version-Checker",
            "normalTextColor": 6710886,
            "hoverTextColor": 3125670,
            "texture": "custommainmenu:btn.png",
            "posX": 193,
            "posY": 100,
            "width": 100,
            "height": 20,
            "imageWidth": 100,
            "imageHeight": 50,
            "alignment": "left_center",
            "wrappedButton": 404
        }
    },

    "texts": {
        "mojang": {
            "text": "Forge #forgeversion# for Minecraft #mcversion# - Copyright Mojang AB. Do not distribute!",
            "posX": 2,
            "posY": -10,
            "color": -1,
            "alignment": "bottom_left"
        },

        "packTxt": {
            "text": "AAIII - 0.0.1a",
            "posX": 2,
            "posY": -25,
            "color": -1,
            "alignment": "bottom_left"
        }
    },
    
    "other": {
        "panorama": {
            "images": "minecraft:textures/gui/title/background/panorama_%c.png",
            "animate": true,
            "animationSpeed": 1,
            "blur": true,
            "gradient": true
        }
    }

}