{
  "__comment": "Instructions: https://blakesmods.com/docs/cucumber/tags-config",
  "forge:ingots/titanium": "null",
  "forge:ingots/mithril": "null",
  "forge:ingots/chrome": "null",
  "forge:ingots/aluminum": "alltheores:aluminum_ingot",
  "forge:dusts/saltpeter": "null",
  "forge:rubber": "null",
  "forge:ingots/tungsten": "null",
  "forge:dusts/niter": "null",
  "forge:ingots/brass": "alltheores:brass_ingot",
  "forge:ingots/zinc": "alltheores:zinc_ingot",
  "forge:ingots/platinum": "alltheores:platinum_ingot",
  "forge:ingots/graphite": "bigreactors:graphite_ingot",
  "forge:silicon": "ae2:silicon",
  "forge:ingots/iridium": "alltheores:iridium_ingot",
  "forge:ingots/uranium": "alltheores:uranium_ingot",
  "forge:gems/sapphire": "alltheores:sapphire",
  "forge:ingots/invar": "alltheores:invar_ingot",
  "forge:ingots/steel": "alltheores:steel_ingot",
  "forge:ingots/tin": "alltheores:tin_ingot",
  "forge:ingots/constantan": "alltheores:constantan_ingot",
  "forge:ingots/bronze": "alltheores:bronze_ingot",
  "forge:ingots/nickel": "alltheores:nickel_ingot",
  "forge:ingots/lead": "alltheores:lead_ingot",
  "forge:ingots/electrum": "alltheores:electrum_ingot",
  "forge:ingots/silver": "alltheores:silver_ingot",
  "forge:gems/apatite": "null",
  "forge:dusts/sulfur": "mekanism:dust_sulfur",
  "forge:gems/ruby": "alltheores:ruby"
}