{
  "minecraft": {
    "block_inventory.detailed_amount": 54,
    "furnace": true,
    "harvest_tool.show_unbreakable": true,
    "chicken_egg": true,
    "block_inventory.items_per_line": 9,
    "jukebox": true,
    "brewing_stand": true,
    "animal_owner": true,
    "block_inventory.normal_amount": 9,
    "energy_storage.detailed": false,
    "harvest_tool.effective_tool": true,
    "note_block": true,
    "beehive": true,
    "block_inventory.show_name_amount": 5,
    "block_inventory": true,
    "player_head": true,
    "block_states": false,
    "lectern": true,
    "entity_armor": true,
    "harvest_tool": true,
    "armor_stand": true,
    "fluid": true,
    "horse_stats": true,
    "item_tooltip": true,
    "entity_health": true,
    "energy_storage": true,
    "entity_armor.max_for_render": 40,
    "breaking_progress": true,
    "enchantment_power": true,
    "tnt_stability": true,
    "villager_profession": true,
    "mob_breeding": true,
    "entity_health.icons_per_line": 10,
    "item_frame": true,
    "fluid.detailed": false,
    "crop_progress": true,
    "total_enchantment_power": true,
    "potion_effects": true,
    "command_block": true,
    "mob_growth": true,
    "painting": true,
    "harvest_tool.new_line": false,
    "entity_health.max_for_render": 40,
    "mob_spawner": true,
    "redstone": true
  },
  "immersiveengineering": {
    "hemp": true,
    "multiblock_icon": true
  },
  "jade": {
    "coordinates.rel": false,
    "distance": false,
    "block_face": false,
    "coordinates": false,
    "registry_name": "OFF",
    "mod_name": true
  },
  "refinedcooking": {
    "kitchen_access_point": true,
    "kitchen_station": true
  },
  "platforms": {
    "hud": true
  },
  "ae2": {
    "part_icon": true,
    "charger": true,
    "debug": true,
    "part_tooltip": true,
    "grid_node_state": true,
    "pattern_provider": true,
    "part_mod_name": true,
    "power_storage": true,
    "crafting_monitor": true,
    "part_name": true
  },
  "productivebees": {
    "solitary_nest": true,
    "jar": true,
    "bee_attributes": true,
    "productive_bee": true
  },
  "mekanism": {
    "infuse_type": true,
    "gas": true,
    "remove_builtin": true,
    "pigment": true,
    "fluid": true,
    "slurry": true,
    "energy": true,
    "tooltip_renderer": true
  },
  "shetiphiancore": {
    "hud.rgb16": true,
    "hud": true,
    "hud.redstone": true
  },
  "mysticalagradditions": {
    "infused_farmland": true
  },
  "appliedcooking": {
    "kitchen_station": true
  },
  "reliquary": {
    "pedestal": true,
    "altar": true,
    "mortar": true,
    "cauldron": true
  },
  "waystones": {
    "waystone": true
  },
  "camera": {
    "image_frame": true
  },
  "cookingforblockheads": {
    "fridge": true,
    "oven": true,
    "sink": true,
    "milk_jar": true,
    "toaster": true
  },
  "mysticalagriculture": {
    "infused_farmland": true,
    "crop": true,
    "inferium_crop": true
  },
  "storagedrawers": {
    "display.stacklimit": true,
    "display.content": true,
    "display.status": true
  }
}