[
  {
    "user": {
      "type": "player",
      "name": "Atlas_Riker",
      "uniqueId": "80ed9c8b-ab10-457d-8ed1-bb01a0a8db11"
    },
    "time": 1687894009075,
    "type": "Profiler",
    "data": {
      "type": "url",
      "value": "https://spark.lucko.me/KOaP2FMMvZ"
    }
  },
  {
    "user": {
      "type": "player",
      "name": "Atlas_Riker",
      "uniqueId": "80ed9c8b-ab10-457d-8ed1-bb01a0a8db11"
    },
    "time": 1687891505970,
    "type": "Profiler",
    "data": {
      "type": "url",
      "value": "https://spark.lucko.me/wzCZS85S0L"
    }
  }
]