{
  "__comment": "Instructions: https://mods.blakebr0.com/docs/cucumber/tags-config",
  "forge:ingots/aluminum": "bno:aluminum_ingot",
  "forge:ingots/constantan": "thermal:constantan_ingot",
  "forge:ingots/tungsten": "null",
  "forge:ingots/mithril": "null",
  "forge:ingots/tin": "bno:tin_ingot",
  "forge:ingots/iridium": "libvulpes:ingotiridium",
  "forge:ingots/zinc": "create:zinc_ingot",
  "forge:ingots/signalum": "thermal:signalum_ingot",
  "forge:ingots/bronze": "thermal:bronze_ingot",
  "forge:ingots/copper": "create:copper_ingot",
  "forge:ingots/invar": "thermal:invar_ingot",
  "forge:ingots/lumium": "thermal:lumium_ingot",
  "forge:dusts/niter": "thermal:niter_dust",
  "forge:ingots/chrome": "null",
  "forge:ingots/electrum": "thermal:electrum_ingot",
  "forge:silicon": "appliedenergistics2:silicon",
  "forge:gems/apatite": "thermal:apatite",
  "forge:ingots/brass": "create:brass_ingot",
  "forge:ingots/silver": "bno:silver_ingot",
  "forge:dusts/saltpeter": "bloodmagic:saltpeter",
  "forge:ingots/steel": "libvulpes:ingotsteel",
  "forge:ingots/enderium": "thermal:enderium_ingot",
  "forge:ingots/titanium": "libvulpes:ingottitanium",
  "forge:rubber": "null",
  "forge:ingots/platinum": "null",
  "forge:dusts/sulfur": "thermal:sulfur_dust",
  "forge:ingots/lead": "bno:lead_ingot",
  "forge:ingots/graphite": "null",
  "forge:ingots/uranium": "bno:uranium_ingot",
  "forge:ingots/nickel": "bno:nickel_ingot"
}